timeStamp,elapsed,label,responseCode,responseMessage,threadName,dataType,success,failureMessage,bytes,sentBytes,grpThreads,allThreads,URL,Latency,IdleTime,Connect
1593776178613,306,LoginPage,200,OK,Users 1-1,text,false,"The operation lasted too long: It took 306 milliseconds, but should not have lasted longer than 100 milliseconds.",2047,264,2,2,http://192.168.99.100:5000/Account/Profile,305,0,268
1593776180303,8,LoginPage,200,OK,Users 1-2,text,true,,2047,264,3,3,http://192.168.99.100:5000/Account/Profile,7,0,2
1593776181070,13,SearchSkill,200,OK,Users 1-1,text,true,,2183,278,3,3,http://192.168.99.100:5000/Home/Search?searchString=,13,0,0
1593776181084,5,Logout,200,OK,Users 1-1,text,true,,2021,128,3,3,http://192.168.99.100:5000/Home,5,0,0
1593776182303,7,LoginPage,200,OK,Users 1-3,text,true,,2047,264,4,4,http://192.168.99.100:5000/Account/Profile,6,0,2
1593776182322,5,SearchSkill,200,OK,Users 1-2,text,true,,2183,278,4,4,http://192.168.99.100:5000/Home/Search?searchString=,5,0,0
1593776182328,3,Logout,200,OK,Users 1-2,text,true,,2021,128,4,4,http://192.168.99.100:5000/Home,3,0,0
1593776183093,5,LoginPage,200,OK,Users 1-1,text,true,,2047,264,4,4,http://192.168.99.100:5000/Account/Profile,5,0,0
1593776184301,8,LoginPage,200,OK,Users 1-4,text,true,,2047,264,5,5,http://192.168.99.100:5000/Account/Profile,8,0,2
1593776184318,4,SearchSkill,200,OK,Users 1-3,text,true,,2183,278,5,5,http://192.168.99.100:5000/Home/Search?searchString=,4,0,0
1593776184323,3,Logout,200,OK,Users 1-3,text,true,,2021,128,5,5,http://192.168.99.100:5000/Home,3,0,0
1593776184334,4,LoginPage,200,OK,Users 1-2,text,true,,2047,264,5,5,http://192.168.99.100:5000/Account/Profile,4,0,0
1593776185105,4,SearchSkill,200,OK,Users 1-1,text,true,,2183,287,5,5,http://192.168.99.100:5000/Home/Search?searchString=,4,0,0
1593776185110,4,Logout,200,OK,Users 1-1,text,true,,2021,128,5,5,http://192.168.99.100:5000/Home,3,0,0
1593776186300,6,LoginPage,200,OK,Users 1-5,text,true,,2047,264,5,5,http://192.168.99.100:5000/Account/Profile,6,0,2
1593776186316,5,SearchSkill,200,OK,Users 1-4,text,true,,2183,278,5,5,http://192.168.99.100:5000/Home/Search?searchString=,5,0,0
1593776186321,3,Logout,200,OK,Users 1-4,text,true,,2021,128,5,5,http://192.168.99.100:5000/Home,3,0,0
1593776186327,5,LoginPage,200,OK,Users 1-3,text,true,,2047,264,5,5,http://192.168.99.100:5000/Account/Profile,5,0,0
1593776186346,5,SearchSkill,200,OK,Users 1-2,text,true,,2183,287,5,5,http://192.168.99.100:5000/Home/Search?searchString=,5,0,0
1593776186351,3,Logout,200,OK,Users 1-2,text,true,,2021,128,5,5,http://192.168.99.100:5000/Home,3,0,0
1593776187117,3,LoginPage,200,OK,Users 1-1,text,true,,2047,264,5,5,http://192.168.99.100:5000/Account/Profile,3,0,0
1593776188313,4,SearchSkill,200,OK,Users 1-5,text,true,,2183,278,5,5,http://192.168.99.100:5000/Home/Search?searchString=,4,0,0
1593776188318,2,Logout,200,OK,Users 1-5,text,true,,2021,128,5,5,http://192.168.99.100:5000/Home,2,0,0
1593776188326,4,LoginPage,200,OK,Users 1-4,text,true,,2047,264,5,5,http://192.168.99.100:5000/Account/Profile,4,0,0
1593776188339,4,SearchSkill,200,OK,Users 1-3,text,true,,2183,287,5,5,http://192.168.99.100:5000/Home/Search?searchString=,4,0,0
1593776188343,4,Logout,200,OK,Users 1-3,text,true,,2021,128,5,5,http://192.168.99.100:5000/Home,3,0,0
1593776188356,3,LoginPage,200,OK,Users 1-2,text,true,,2047,264,5,5,http://192.168.99.100:5000/Account/Profile,3,0,0
1593776189128,5,SearchSkill,200,OK,Users 1-1,text,true,,2183,286,5,5,http://192.168.99.100:5000/Home/Search?searchString=,4,0,0
1593776189133,3,Logout,200,OK,Users 1-1,text,true,,2021,128,5,5,http://192.168.99.100:5000/Home,3,0,0
1593776190323,4,LoginPage,200,OK,Users 1-5,text,true,,2047,264,4,4,http://192.168.99.100:5000/Account/Profile,4,0,0
1593776190338,5,SearchSkill,200,OK,Users 1-4,text,true,,2183,287,4,4,http://192.168.99.100:5000/Home/Search?searchString=,5,0,0
1593776190343,8,Logout,200,OK,Users 1-4,text,true,,2021,128,4,4,http://192.168.99.100:5000/Home,7,0,0
1593776190350,5,LoginPage,200,OK,Users 1-3,text,true,,2047,264,4,4,http://192.168.99.100:5000/Account/Profile,5,0,0
1593776190368,3,SearchSkill,200,OK,Users 1-2,text,true,,2183,286,4,4,http://192.168.99.100:5000/Home/Search?searchString=,3,0,0
1593776190372,2,Logout,200,OK,Users 1-2,text,true,,2021,128,4,4,http://192.168.99.100:5000/Home,2,0,0
1593776192349,3,SearchSkill,200,OK,Users 1-5,text,true,,2183,287,3,3,http://192.168.99.100:5000/Home/Search?searchString=,3,0,0
1593776192354,5,LoginPage,200,OK,Users 1-4,text,true,,2047,264,3,3,http://192.168.99.100:5000/Account/Profile,5,0,0
1593776192353,6,Logout,200,OK,Users 1-5,text,true,,2021,128,3,3,http://192.168.99.100:5000/Home,6,0,0
1593776192366,5,SearchSkill,200,OK,Users 1-3,text,true,,2183,286,3,3,http://192.168.99.100:5000/Home/Search?searchString=,4,0,0
1593776192371,5,Logout,200,OK,Users 1-3,text,true,,2021,128,3,3,http://192.168.99.100:5000/Home,4,0,0
1593776194365,6,SearchSkill,200,OK,Users 1-4,text,true,,2183,286,2,2,http://192.168.99.100:5000/Home/Search?searchString=,6,0,0
1593776194367,4,LoginPage,200,OK,Users 1-5,text,true,,2047,264,2,2,http://192.168.99.100:5000/Account/Profile,4,0,0
1593776194372,7,Logout,200,OK,Users 1-4,text,true,,2021,128,2,2,http://192.168.99.100:5000/Home,6,0,0
1593776196378,4,SearchSkill,200,OK,Users 1-5,text,true,,2183,286,1,1,http://192.168.99.100:5000/Home/Search?searchString=,4,0,0
1593776196383,5,Logout,200,OK,Users 1-5,text,true,,2021,128,1,1,http://192.168.99.100:5000/Home,4,0,0
